[
	{
	"OrderID": 7918,
	"ProductID": 1412,
	"UnitPrice": 65.89,
	"Quantity": 899,
	"Discount": 2.16
	},
	{
	"OrderID": 7918,
	"ProductID": 5672,
	"UnitPrice": 14.77,
	"Quantity": 2367,
	"Discount": 10.48
	},
	{
	"OrderID": 7918,
	"ProductID": 5046,
	"UnitPrice": 61.69,
	"Quantity": 867,
	"Discount": 3.22
	},
	{
	"OrderID": 7918,
	"ProductID": 9505,
	"UnitPrice": 3.07,
	"Quantity": 1060,
	"Discount": 2.60
	},
	{
	"OrderID": 2686,
	"ProductID": 5267,
	"UnitPrice": 24.34,
	"Quantity": 7783,
	"Discount": 1.37
	},
	{
	"OrderID": 2686,
	"ProductID": 1114,
	"UnitPrice": 20.50,
	"Quantity": 523,
	"Discount": 1.05
	},
	{
	"OrderID": 2686,
	"ProductID": 5046,
	"UnitPrice": 61.69,
	"Quantity": 336,
	"Discount": 5.10
	},
	{
	"OrderID": 6858,
	"ProductID": 1114,
	"UnitPrice": 20.50,
	"Quantity": 2960,
	"Discount": 3.07
	},
	{
	"OrderID": 6858,
	"ProductID": 4663,
	"UnitPrice": 9.31,
	"Quantity": 9491,
	"Discount": 1.77
	},
	{
	"OrderID": 6858,
	"ProductID": 5672,
	"UnitPrice": 14.77,
	"Quantity": 547,
	"Discount": 3.90
	},
	{
	"OrderID": 6858,
	"ProductID": 4008,
	"UnitPrice": 47.1,
	"Quantity": 5780,
	"Discount": 2.69
	},
	{
	"OrderID": 7311,
	"ProductID": 5046,
	"UnitPrice": 61.69,
	"Quantity": 6636,
	"Discount": 5.23
	},
	{
	"OrderID": 7311,
	"ProductID": 1412,
	"UnitPrice": 65.89,
	"Quantity": 3436,
	"Discount": 5.32
	},
	{
	"OrderID": 7311,
	"ProductID": 5672,
	"UnitPrice": 14.77,
	"Quantity": 8076,
	"Discount": 8.23
	},
	{
	"OrderID": 7991,
	"ProductID": 4663,
	"UnitPrice": 9.31,
	"Quantity": 9491,
	"Discount": 1.77
	},
	{
	"OrderID": 7991,
	"ProductID": 5672,
	"UnitPrice": 14.77,
	"Quantity": 547,
	"Discount": 3.90
	},
	{
	"OrderID": 7991,
	"ProductID": 4008,
	"UnitPrice": 47.1,
	"Quantity": 5780,
	"Discount": 2.69
	},
	{
	"OrderID": 7991,
	"ProductID": 9505,
	"UnitPrice": 3.07,
	"Quantity": 3239,
	"Discount": 8.02
	},
	{
	"OrderID": 7991,
	"ProductID": 8486,
	"UnitPrice": 6.31,
	"Quantity": 5039,
	"Discount": 10.02
	},
	{
	"OrderID": 6189,
	"ProductID": 5672,
	"UnitPrice": 14.77,
	"Quantity": 552,
	"Discount": 3.00
	},
	{
	"OrderID": 6189,
	"ProductID": 4663,
	"UnitPrice": 9.31,
	"Quantity": 1052,
	"Discount": 5.45
	},
	{
	"OrderID": 6189,
	"ProductID": 5267,
	"UnitPrice": 24.34,
	"Quantity": 852,
	"Discount": 1.87
	},
	{
	"OrderID": 6189,
	"ProductID": 1412,
	"UnitPrice": 65.89,
	"Quantity": 6752,
	"Discount": 8.34
	},
	{
	"OrderID": 828,
	"ProductID": 8486,
	"UnitPrice": 6.31,
	"Quantity": 1204,
	"Discount": 9.39
	},
	{
	"OrderID": 828,
	"ProductID": 1114,
	"UnitPrice": 20.50,
	"Quantity": 2960,
	"Discount": 3.07
	},
	{
	"OrderID": 828,
	"ProductID": 4663,
	"UnitPrice": 9.31,
	"Quantity": 9491,
	"Discount": 1.77
	},
	{
	"OrderID": 828,
	"ProductID": 5672,
	"UnitPrice": 14.77,
	"Quantity": 547,
	"Discount": 3.90
	},
	{
	"OrderID": 828,
	"ProductID": 4008,
	"UnitPrice": 47.1,
	"Quantity": 5780,
	"Discount": 2.69
	},
	{
	"OrderID": 3115,
	"ProductID": 1114,
	"UnitPrice": 20.50,
	"Quantity": 1530,
	"Discount": 1.21
	},
	{
	"OrderID": 3115,
	"ProductID": 5079,
	"UnitPrice": 62.4,
	"Quantity": 2370,
	"Discount": 5.78
	},
	{
	"OrderID": 3115,
	"ProductID": 8486,
	"UnitPrice": 6.31,
	"Quantity": 2567,
	"Discount": 3.87
	},
	{
	"OrderID": 3115,
	"ProductID": 4663,
	"UnitPrice": 9.31,
	"Quantity": 1809,
	"Discount": 2.98
	},
	{
	"OrderID": 3115,
	"ProductID": 4008,
	"UnitPrice": 47.1,
	"Quantity": 1310,
	"Discount": 3.21
	},
	{
	"OrderID": 7375,
	"ProductID": 4008,
	"UnitPrice": 47.1,
	"Quantity": 5780,
	"Discount": 2.69
	},
	{
	"OrderID": 7375,
	"ProductID": 9505,
	"UnitPrice": 3.07,
	"Quantity": 3239,
	"Discount": 8.02
	},
	{
	"OrderID": 7375,
	"ProductID": 8486,
	"UnitPrice": 6.31,
	"Quantity": 5039,
	"Discount": 10.02
	},
	{
	"OrderID": 6368,
	"ProductID": 9505,
	"UnitPrice": 3.07,
	"Quantity": 3239,
	"Discount": 8.02
	},
	{
	"OrderID": 6368,
	"ProductID": 8486,
	"UnitPrice": 6.31,
	"Quantity": 5039,
	"Discount": 10.02
	}
]
